1,davidcarey,emeyer@gmail.com,(4p2MxcE(k,Nicholas Nguyen,2025-03-04 15:33:16
2,rbennett,jeff92@gmail.com,cBXy0T3Y$0,Abigail Ford,2025-03-04 14:34:15
3,mercedes60,dana71@foster.com,!TWW8IwJ4Q,Nancy Barnett,2025-06-10 14:16:27
4,nbrewer,zphillips@gmail.com,Kd^UdUvd+5,Veronica Preston MD,2025-03-14 16:15:40
5,scastaneda,casey71@martin.org,10YnhbBL%p,Andrea Cannon,2025-01-20 17:08:36
6,bellrichard,xreyes@gmail.com,akNH#ni$@8,Jessica Hall,2025-03-11 03:29:41
7,catherine30,hugheschristine@gmail.com,2EtuTC*m*5,Kelly Simmons,2025-05-02 22:18:28
8,fowlernicholas,campbellcourtney@yahoo.com,eJc8A8Cq@f,Peter Navarro,2025-02-22 21:23:02
9,cindy33,tammie60@callahan-washington.info,@*n+5Vx#he,Kimberly Johnson,2025-08-06 02:43:24
10,gregoryrogers,ahensley@cooper-guerrero.com,gJWs7Thx#%,Karen Murphy,2025-05-29 14:11:32
11,osmith,tiffanynelson@gmail.com,$$Jz9g(hL3,Amber Taylor,2025-03-20 13:30:30
12,garciaamanda,nicoleclark@kelley-cruz.com,_eS1FdrdoZ,John Wilson,2025-03-12 08:32:31
13,stephanie11,william02@schwartz.org,^85UheT3of,Tiffany Lopez,2025-01-31 00:21:06
14,stevenmiller,tyrone80@yahoo.com,@F5E*RlY^J,Angela Gutierrez,2025-08-04 09:18:08
15,longrobin,clarkchristina@rice.com,+7F1l^oy(!,James Marshall,2025-06-11 02:45:56
16,johnford,benjaminwells@hotmail.com,%NbWkXKCu6,Mark Boyer,2025-07-17 10:41:30
17,grahamrobert,ywolfe@martin.org,_8oFwLwto9,Riley Fitzgerald,2025-03-23 15:02:54
18,lpeterson,ncarey@henderson.com,2&mG2GJhKQ,Dawn Hodge,2025-07-08 01:45:20
19,harold60,theresa34@gmail.com,xp%Dx4Ioj0,Michael Smith,2025-08-10 18:49:37
20,twright,tvaldez@young.com,+IEmX7YAr8,Rebecca Fowler,2025-08-12 15:09:20
21,joseph98,woodssusan@gmail.com,(6xNmVFy#z,Austin Murphy,2025-02-12 11:02:04
22,parsonsphilip,qlittle@yahoo.com,#zCq(g0Rg1,Crystal Brown,2025-08-07 10:27:17
23,nicholasfrank,wendybaker@burns-garcia.com,px0NVzH1U&,Brandon Daniel,2025-03-29 11:33:15
24,hendrickskatelyn,reynoldsmichael@kirk.com,F9g5B7cY(H,Andrew Edwards,2025-03-13 04:12:01
25,johnsonbarbara,anthony37@hotmail.com,w#T9MGpcG#,Eugene Parker,2025-04-18 03:31:36
26,daniel87,mariaramos@brown-taylor.com,C(e1BwgPxv,William White,2025-02-26 04:39:43
27,andrew66,ftran@hotmail.com,6Yo4E6YdZ%,Laura Reed,2025-06-11 21:29:33
28,elizabethsparks,penatammie@gmail.com,_og8HLycYj,Kayla Norman,2025-06-25 14:34:51
29,hcunningham,williamsbrian@hotmail.com,+3AUawPx_4,Charles Martinez,2025-04-03 02:59:43
30,tristannelson,yduffy@hotmail.com,W8GhjOda@S,Timothy Day,2025-01-25 19:50:38
31,kyle16,james69@gmail.com,hw20mM*f&1,Robert Becker,2025-07-16 00:52:02
32,cthomas,richardmichael@morris-alvarado.com,%2TSAwtkZ4,Claudia Sutton,2025-03-20 12:20:46
33,sharonfarmer,wilsonjohn@hotmail.com,%XK9OIapar,Shannon Gould,2025-03-08 21:58:04
34,ywise,noah60@gmail.com,Q1+G$VwF%M,Carlos Phillips,2025-01-13 16:53:12
35,charles17,lfreeman@hotmail.com,V9vMRQuy$X,Lee Best,2025-08-02 10:17:37
36,pricejennifer,thomas94@gmail.com,E6znd%Tg$N,Jim Tapia,2025-04-12 16:48:40
37,lwilliams,kathleen78@mack.net,($EBZWJlZ6,Andrea Marsh,2025-05-10 11:31:05
38,iryan,sarahjones@hotmail.com,zVe&5L5fy1,Michael Rush,2025-04-28 12:03:44
39,bellbrandi,zcox@gmail.com,4xRYr($N(w,Ronald Peterson,2025-03-13 17:48:28
40,barnesdaniel,shellyjenkins@gallegos.info,@ke0U$e2)p,Kayla Carlson,2025-03-19 20:19:04
41,bbrown,aaronjones@johnson-roth.com,h7ADoSbS@q,Robert Lopez,2025-04-24 20:47:13
42,rburns,brittanyevans@gmail.com,T@4LW7bN)v,Betty Hodges,2025-04-16 00:28:07
43,kdaniel,obrowning@gmail.com,!(3LQZUxk*,Loretta Hancock,2025-02-23 22:03:57
44,okennedy,katie11@hubbard-white.com,#*Ie9F&q2w,Cheryl Blankenship,2025-07-13 00:50:48
45,frobinson,jenniferramsey@hotmail.com,*EGWpX4Be5,Michael Henderson,2025-02-17 07:21:56
46,sandrataylor,betty79@yahoo.com,r_7VG_yg&B,Jason Garcia,2025-06-08 20:42:19
47,hannah39,andersonchristopher@meza.info,!l4CPbq(xD,Maria Hernandez,2025-06-05 23:01:06
48,nathaniel11,rosspatty@gmail.com,@2w9MGqb7d,Heather Taylor,2025-03-29 14:09:37
49,thomasford,ronaldcoleman@murphy.com,7RLAZ_nQ@(,Diana Houston DVM,2025-04-18 03:34:51
50,terri53,mjenkins@hotmail.com,q*!2jX@Epd,Danielle Winters,2025-07-13 11:33:04
51,snunez,kwang@willis-wells.org,eBNoYBxZ#9,April Romero,2025-03-31 22:52:34
52,tara09,thill@collins.com,!B8eQu!__W,Carrie Jackson,2025-04-29 09:45:49
53,rebecca25,steven52@yahoo.com,$2uFwpdkUo,Susan Gonzalez,2025-03-13 13:19:54
54,xwilliams,qbrowning@robbins.com,^0E2gFZN*5,Cynthia Anderson,2025-07-22 15:22:11
55,cruzjason,chavezkathleen@yahoo.com,5%n4A!t*(T,Ashley Hernandez,2025-05-13 12:31:20
56,sholmes,uroberts@yahoo.com,DxiM2YbC!0,Tina Barnes,2025-06-06 09:30:29
57,amber51,marthabrewer@gmail.com,_1_!3UibPO,Brian Nguyen,2025-02-27 09:53:41
58,carsongary,blanchardtravis@lopez-valentine.com,%wAf#0!m!6,Andrea Baker,2025-01-21 12:19:15
59,christinejones,carlahensley@yahoo.com,(bVu%Dssv7,Martha Davila,2025-04-25 13:47:46
60,rachelgreen,ericmeyer@curtis-brennan.net,@9YLe+qsDv,Amy Lewis,2025-07-04 07:28:26
61,laura92,brownterri@preston.net,V52OBpq*D%,Patricia Jones,2025-03-10 00:57:45
62,watsonrichard,gomezterrance@williams-davis.com,S029g_Hx)A,Deborah Mcguire,2025-01-09 03:03:26
63,kellyjoseph,thorntonmichael@campbell.net,&FNgi8UbLT,William Marshall,2025-04-14 05:55:10
64,melanie16,regina49@gmail.com,&_iWNz)dX5,Thomas Perez,2025-06-01 01:18:01
65,sharonhogan,figueroajohn@walker.com,$)1QS$6toh,Matthew Frank,2025-07-12 22:14:45
66,jensenderek,christopher93@wiggins.biz,Ba3EDJR_*$,Stephanie Brown,2025-05-03 23:38:27
67,brookegarcia,rjackson@hotmail.com,_tjQObY30k,Kimberly Dean,2025-01-22 00:33:22
68,nguyengerald,emily17@benitez-conrad.net,!wPD9C)Q2%,Joshua Peterson,2025-04-19 02:32:40
69,gabrielle46,joseph96@yahoo.com,j9*3gTLo@T,Thomas Holmes,2025-01-31 00:39:20
70,xstephens,eric81@robinson.com,MYs7TQBn^O,Jenna Butler,2025-01-19 06:45:44
71,darrellwalker,lisaleonard@daniels-serrano.org,1$Q%k62d*p,Sarah Terrell,2025-04-27 02:45:43
72,sandrafox,timothyreed@hotmail.com,1$^g5rZl#n,Kenneth Brown,2025-02-14 08:51:09
73,charrison,clarkcarlos@parrish.biz,E1)G4Ug%&y,Robert Ford,2025-04-01 02:16:08
74,john70,moranroy@lewis.com,e1JTj9Sk*#,Mr. Christian Long,2025-01-26 10:48:03
75,mthomas,kinggary@manning.info,!*1Wj7lujr,Richard Thompson,2025-07-01 15:01:56
76,christina28,troy03@wilson.com,**5P_Sac^O,Rebecca Sanchez,2025-02-01 21:15:03
77,warrenwoods,umiddleton@brown.com,k_j$jOrn(4,Erica Harris,2025-05-01 21:26:46
78,meganmclaughlin,juliakelly@smith-williams.net,$6G$nNiKPK,Erika Mcgrath,2025-05-29 04:33:33
79,heatherpierce,callahannatalie@yahoo.com,Ib$2KBh33l,Kimberly Lozano,2025-05-28 22:31:48
80,christophergardner,garzaamy@thompson.com,j42ZM$g((7,Brandon Walker,2025-01-16 12:15:13
81,rossdennis,davidrichardson@yahoo.com,u!o1M2Dea*,Kayla Kim,2025-04-18 10:10:49
82,nicoleperez,cameronhuff@mcdowell.net,7yakUIY5^4,Thomas Gregory,2025-01-14 11:15:43
83,crystallittle,nicholas02@kramer-hensley.info,4%2qblJvGL,Shelia Bryant,2025-06-13 01:30:34
84,karinayoung,zmckinney@hobbs-campbell.com,UY95Ra_WX#,Kristen Lang,2025-02-13 02:37:17
85,millerjennifer,rachelsmith@yahoo.com,F0XWHaAN+d,Eric Chen,2025-02-16 00:12:37
86,brian95,chelseaewing@gmail.com,&ky36AnXNj,Peter Mitchell,2025-08-04 07:39:29
87,hernandezbrad,alison66@johnson-kent.net,$(@7VlpeDZ,Karen Stephens,2025-04-17 07:18:33
88,hernandezjohn,nicholasrodriguez@hotmail.com,G69NAyz)@C,Leah Stevens,2025-03-14 14:23:24
89,susan63,agardner@wu.org,%3RYAsTk7X,Rachael Williams,2025-03-11 01:34:16
90,sandovaljamie,peter86@yahoo.com,)kp6I_t$M4,Michael Crawford,2025-05-30 22:45:14
91,carol31,juliawatkins@gmail.com,Xz+4LoMPTG,Andrew Simmons,2025-01-05 03:10:12
92,eric98,gjenkins@yahoo.com,R4%(5mJggT,Patrick Gibson,2025-07-07 08:33:25
93,alyssa92,freemanchristopher@gmail.com,(!Z4iVEh#7,Christopher Burns,2025-07-24 20:33:38
94,stephaniewells,max93@ross.net,ZXD)7$Ty5C,James Vasquez,2025-04-13 18:17:49
95,taylormoore,sjenkins@thompson.com,^H6%3Zgp(2,Jessica Guzman,2025-04-20 12:01:46
96,wwilliams,summersemily@walker-lewis.org,b!76LT6z8V,Anthony White,2025-05-09 09:22:08
97,dortega,hobbsstephanie@gmail.com,)8H4+DaE2&,Mary Walker DDS,2025-06-26 06:35:09
98,ebutler,john15@potter.com,(PwYTm_Xh3,Gordon Moore,2025-01-27 17:21:00
99,wberry,ehall@gmail.com,)5k@SFyjGS,Angela Garcia,2025-02-27 06:17:29
100,gonzalezjack,allencynthia@gmail.com,zUnt04Ey6),Rebecca Johnson,2025-01-29 16:45:34
